customer_id,customer_name,customer_email,customer_zip_code
c-1,Allison Hill,donaldgarcia@example.net,14468
c-2,Javier Johnson,jesseguzman@example.net,11629
c-3,Meredith Barnes,zlawrence@example.org,11308
c-4,Gina Moore,curtis61@example.com,12818
c-5,Renee Blair,dudleynicholas@example.net,12402
c-6,Lisa Hensley,janetwilliams@example.org,12371
c-7,Dr. Sharon James,xreid@example.org,13033
c-8,Michael Miles,lynchgeorge@example.net,12006
c-9,James Mayo,gabriellecameron@example.org,11877
c-10,Renee Morales,clarksherri@example.net,12578
c-11,Jonathan Wilkerson,ithomas@example.org,14599
c-12,Nicole Patterson,icox@example.net,14043
c-13,Anthony Rodriguez,laurahenderson@example.org,13153
c-14,Zachary Rice,frazierdanny@example.net,12186
c-15,Gina Carter,shawnmckay@example.net,12158
c-16,Pamela Romero,harrellkenneth@example.net,14159
c-17,Brittany Farmer,georgetracy@example.org,12974
c-18,Sandra Parker,allenashley@example.org,10702
c-19,Rose Spence,davidalvarez@example.net,11353
c-20,Shane Henderson,sarahcampos@example.net,11648
c-21,Jennifer Powers,samuel87@example.org,12031
c-22,George Chapman,briannasmith@example.net,10483
c-23,Taylor Heath,palmerjoshua@example.com,11756
c-24,Miranda Khan,esanchez@example.com,11560
c-25,Matthew Gomez,uowens@example.org,10807
c-26,Nicholas Mcbride,wrightjames@example.com,11149
c-27,Donald Wright,ramosmichelle@example.net,10803
c-28,Zachary Huff,housemelinda@example.org,13330
c-29,Mr. James Brown,ysmith@example.com,13728
c-30,Michael Cross,smoore@example.org,10480
c-31,Kimberly Adkins,williamsthomas@example.net,11290
c-32,Jordan York,larsonemma@example.org,13308
c-33,Steve Sanchez,harveyrobert@example.net,14631
c-34,Taylor Harris,john62@example.net,12458
c-35,Timothy Walls,ellisyolanda@example.org,10601
c-36,Katie Anderson,nicole35@example.com,11293
c-37,Joshua Turner,contrerasangela@example.net,10849
c-38,Brandy Wilson,newtoneric@example.com,11726
c-39,Christina Walters,william40@example.org,13470
c-40,Amanda Cook,danagreen@example.net,13620
c-41,Jessica Smith,landryhannah@example.org,14470
c-42,Jacob Tran,tanderson@example.com,10327
c-43,Christine Wright,gomezanita@example.com,11267
c-44,Cynthia Martin,nicolejohnson@example.net,12722
c-45,Jennifer Santiago,josephcobb@example.org,13134
c-46,Shannon Walker,ybailey@example.org,11827
c-47,Corey Murphy,rasmussenjoshua@example.net,14174
c-48,William Herrera,wilsontara@example.org,14757
c-49,Deborah Rodriguez,yreed@example.com,13575
c-50,Kayla Cruz,jonathanfletcher@example.org,14260
c-51,Kimberly Ball,michaeljones@example.net,12705
c-52,Mary Martinez,william65@example.com,12423
c-53,Cheryl Ortega,lbyrd@example.net,14663
c-54,Joshua Smith,jason99@example.net,12640
c-55,Jeremy Lewis,yleon@example.net,11391
c-56,Diane Beck,clarence34@example.org,11632
c-57,Angel Riggs,gibsonolivia@example.net,11593
c-58,Janet Ross,dianasmith@example.org,13483
c-59,Robert Dominguez,pwilliams@example.org,13740
c-60,John Schmidt,stephanie79@example.net,14136
c-61,Terry Griffin,juliawells@example.com,12026
c-62,Destiny Strickland,rsims@example.com,10635
c-63,Cynthia Rogers,taylorjesse@example.net,11252
c-64,Amy Russell,nperry@example.com,13191
c-65,Lauren Dominguez,wwoods@example.com,13195
c-66,Tiffany Barnes,tracynelson@example.com,10238
c-67,Michael Yates,marycalhoun@example.net,14376
c-68,James Elliott,millerroy@example.com,11489
c-69,James Lewis,matthew64@example.com,12067
c-70,Julie Curry,cookemichael@example.net,10563
c-71,Marissa Webster,jamessmith@example.org,11955
c-72,Michael Elliott,stevenscott@example.com,11375
c-73,Tracey Higgins,tamirodriguez@example.org,12556
c-74,Susan Brooks,charlesvaughn@example.net,11990
c-75,Raymond Jefferson,hoganashlee@example.org,12845
c-76,Mary Jones,alexander67@example.org,13552
c-77,Madison Poole,ryangross@example.net,12213
c-78,Tamara Hampton,ugraham@example.net,12199
c-79,David Michael,nicole37@example.net,13105
c-80,Johnny Nguyen,zlewis@example.com,12789
c-81,Kyle Beard,blackjames@example.org,13330
c-82,Peter Vaughn DDS,bwest@example.org,12411
c-83,Michael Torres,thomas85@example.com,14509
c-84,Michael Nelson,jerry35@example.org,14390
c-85,Melissa Lee,lhill@example.net,14889
c-86,Brian Lee,michaelturner@example.net,14376
c-87,Angel Brown,heidi27@example.org,10101
c-88,Julie Alexander,tammyking@example.com,10935
c-89,Jennifer Jones,hernandezlisa@example.com,10698
c-90,Bailey Duran DDS,kimberlyjames@example.com,12436
c-91,Wanda Torres,lynchjody@example.org,11729
c-92,Brad Allen,moorericky@example.net,14865
c-93,Andrew Roberts,jacqueline71@example.net,11913
c-94,Rachel Weber,ronaldstephens@example.net,11221
c-95,Samantha Jones,lauralarson@example.net,12365
c-96,John Torres,gbender@example.net,14046
c-97,Kyle Preston,cassandra01@example.org,14713
c-98,Alicia Hubbard,barbara27@example.net,13623
c-99,Catherine Richards,ecosta@example.com,13346
c-100,Michael Hodge,robert74@example.net,13281
c-101,Krista Gibson,johnny16@example.net,10010
c-102,Kimberly Gutierrez,aprildean@example.com,13622
c-103,Christina Dunn,samuel71@example.org,11961
c-104,Emily Smith,hdavis@example.com,10963
c-105,Brittany Cantu,william46@example.com,13869
c-106,Juan Reyes,michellehill@example.com,12785
c-107,Katie Hoover,jessica99@example.net,14012
c-108,Jill Washington,andrea86@example.com,12637
c-109,Veronica Allen,xhall@example.com,10358
c-110,John Mcintyre,qhughes@example.net,11247
c-111,Andrew Shaw MD,sawyerscott@example.net,13744
c-112,Charles Pitts,charlesharrington@example.com,12774
c-113,Jennifer Miller,melissa86@example.com,13998
c-114,Amanda Jones,wendy16@example.org,10824
c-115,Michael Berger,nguyenbrian@example.com,13071
c-116,David Jenkins,georgemiller@example.com,11973
c-117,Mr. David Little MD,nolansteven@example.com,14478
c-118,Jeremy Reed,danielle64@example.com,12475
c-119,James Webb,patrickhoward@example.com,12419
c-120,Ronald Foster,knightgina@example.net,10402
c-121,Natasha Wall,kimberly39@example.com,11795
c-122,Lisa Byrd,courtneyberger@example.net,10323
c-123,Jeremiah Riley,christopherphillips@example.net,13404
c-124,Carlos Ryan,alyssa42@example.com,13948
c-125,Elizabeth Harrell,mcdonaldcharles@example.org,13256
c-126,Regina Diaz,ismith@example.org,13726
c-127,Paul Baker,xcarson@example.org,11916
c-128,Manuel Hahn,rose31@example.net,13804
c-129,Elizabeth Ortiz,brandonjohnson@example.com,10952
c-130,Stephen Taylor,vwatson@example.net,14426
c-131,Patrick Moore,fpena@example.net,13344
c-132,Diana Vaughn,scottsampson@example.com,10814
c-133,Mrs. Stephanie Newman,sandersjames@example.org,13726
c-134,Daniel Fowler,williamsmatthew@example.org,14626
c-135,Ronald Spencer,lisahall@example.org,14883
c-136,Scott Thomas,amberlindsey@example.org,10212
c-137,Hunter Kramer,alfred40@example.org,13449
c-138,Nichole Alvarez,william17@example.net,11815
c-139,Amanda Logan,stephen00@example.com,13291
c-140,Brian Joseph,fjones@example.com,11216
c-141,Donald Schultz,oscar98@example.com,13717
c-142,Jessica Mcguire,farrelldebra@example.net,11762
c-143,Stephen Gutierrez,uross@example.org,12561
c-144,Maurice Brooks,gloriawells@example.org,10700
c-145,Brent Rodgers,angelawillis@example.net,14602
c-146,Bryan Gomez,uparrish@example.org,12357
c-147,Heather Lane,ericolson@example.org,12869
c-148,Holly Farmer,lindsaybruce@example.net,14561
c-149,Timothy Gallegos,anthony44@example.com,12876
c-150,Sergio Knight,vjones@example.net,10252
c-151,Joseph Bennett,xpeterson@example.com,12658
c-152,Latoya Miller,moorekaren@example.org,10669
c-153,Matthew Tucker,nperry@example.net,10933
c-154,Brian Gregory,trose@example.org,11807
c-155,Kyle Smith,sierra24@example.com,12688
c-156,Jonathan Jordan,omarpadilla@example.net,14578
c-157,Renee Jones,grahamsteve@example.org,12565
c-158,Laura Mckinney,zroberts@example.org,12661
c-159,Travis Stevens,christopher13@example.com,14825
c-160,Blake Harrell,jeffrey21@example.net,10935
c-161,Cheyenne Parsons,jessica23@example.org,11200
c-162,Christopher Hernandez,thompsonkendra@example.com,13801
c-163,Olivia Cole,michelle52@example.com,10560
c-164,Mark Hogan,bellcharles@example.com,13703
c-165,Jacob Mitchell,gilbertwilliam@example.com,14755
c-166,Rebecca Huang,kstout@example.net,11543
c-167,John Hernandez,hayeslisa@example.com,10691
c-168,Carrie Wright,hritter@example.net,11301
c-169,Thomas Hughes,erika05@example.org,12701
c-170,Michael Mitchell,mathewaguilar@example.org,12866
c-171,Matthew Bates,brookehurley@example.com,14579
c-172,Rickey Li,lucasrodney@example.com,10150
c-173,Christopher Lewis,ilee@example.org,10633
c-174,Richard Romero,stanleynancy@example.net,11074
c-175,Brittany White,jenniferwilliams@example.com,11946
c-176,Lisa Goodwin,pyoung@example.com,13843
c-177,Cheyenne Gregory,smurray@example.com,14120
c-178,Tracy Montoya,moniquewilliams@example.com,13041
c-179,Ashley Singleton,mitchellkathryn@example.com,13681
c-180,Brittany Kim,lisawilkerson@example.org,13399
c-181,Jonathan Young,brooksanthony@example.org,12747
c-182,Brenda Mitchell,ihorton@example.net,13843
c-183,Aaron Miller,jason28@example.net,14324
c-184,Ricardo Young,williamsrobert@example.net,13745
c-185,Russell Porter,chenbailey@example.net,11177
c-186,Aaron Gomez,qlopez@example.org,14289
c-187,Andrea Fox,myerstheodore@example.net,13170
c-188,Mrs. Alexis Kramer,john19@example.net,12724
c-189,Harold Morgan,mariacohen@example.net,13921
c-190,Robin Brown,mjohnson@example.org,11635
c-191,Emily Collins,ihays@example.com,12076
c-192,Matthew Mitchell,glennmartin@example.org,13015
c-193,James Gonzales,lmorgan@example.com,14076
c-194,Robert Adams,acostachristian@example.net,11479
c-195,Erica Miller,kirk96@example.org,13637
c-196,Andrew Berg,christina64@example.net,10470
c-197,Mark Cox,stephaniethomas@example.net,13590
c-198,Austin Osborne,michael90@example.net,11257
c-199,Tiffany Watson,berryalyssa@example.com,12576
c-200,Danielle Wilson,victorhughes@example.net,10965
